Language,original,english,czech,german,russian,polish,hungarian,italian,spanish,french,chinese,japanese,portuguese,chinesesimp
STR_COT_CAMERA_MODULE_BLUR,Blur:,Blur:,Blur:,Weichzeichner:,Размытие:,Blur:,Blur:,Blur:,Blur:,Flou:,Blur:,Blur:,Blur:,Blur:
STR_COT_CAMERA_MODULE_EXPOSURE,Exposure:,Exposure:,Exposure:,Belichtung:,Экспозиция:,Exposure:,Exposure:,Exposure:,Exposure:,Exposition:,Exposure:,Exposure:,Exposure:,Exposure:
STR_COT_CAMERA_MODULE_FOCAL_LENGTH,Focal (L):,Focal (L):,Focal (L):,Brennweite (L):,Фокусное расстояние (Д):,Focal (L):,Focal (L):,Focal (L):,Focal (L):,Focal (L):,Focal (L):,Focal (L):,Focal (L):,Focal (L):
STR_COT_CAMERA_MODULE_FOCAL_NEAR,Focal (N):,Focal (N):,Focal (N):,Brennweite (N):,Фокусное расстояние (Б):,Focal (N):,Focal (N):,Focal (N):,Focal (N):,Focal (N):,Focal (N):,Focal (N):,Focal (N):,Focal (N):
STR_COT_CAMERA_MODULE_FOCUS,Focus:,Focus:,Focus:,Fokus:,Фокус:,Focus:,Focus:,Focus:,Focus:,Focus:,Focus:,Focus:,Focus:,Focus:
STR_COT_CAMERA_MODULE_NAME,Camera Tools,Camera Tools,Camera Tools,Kamera-Werkzeuge,Камера,Camera Tools,Camera Tools,Camera Tools,Camera Tools,Outils Caméra,Camera Tools,Camera Tools,Camera Tools,Camera Tools
STR_COT_ESP_MODULE_ACTION_CLEAR_ESP,Clear ESP,Clear ESP,Clear ESP,ESP löschen,Очистить ESP,Clear ESP,Clear ESP,Clear ESP,Clear ESP,Reset l'ESP,Clear ESP,Clear ESP,Clear ESP,Clear ESP
STR_COT_ESP_MODULE_ACTION_CLEARING_ESP,Clearing ESP,Clearing ESP,Clearing ESP,ESP wird gelöscht,Очистка ESP,Clearing ESP,Clearing ESP,Clearing ESP,Clearing ESP,Reset de l'ESP,Clearing ESP,Clearing ESP,Clearing ESP,Clearing ESP
STR_COT_ESP_MODULE_ACTION_DELETE_ALL,Delete All,Delete All,Delete All,Alle löschen,Удалить Всё,Delete All,Delete All,Delete All,Delete All,Suprimer tous,Delete All,Delete All,Delete All,Delete All
STR_COT_ESP_MODULE_ACTION_DUPLICATE_ALL,Duplicate All,Duplicate All,Duplicate All,Alle duplizieren,Дублировать Всё,Duplicate All,Duplicate All,Duplicate All,Duplicate All,Dupliquer tous,Duplicate All,Duplicate All,Duplicate All,Duplicate All
STR_COT_ESP_MODULE_ACTION_ESP_UPDATING,ESP Updating,ESP Updating,ESP Updating,ESP wird aktualisiert,ESP Обновляется,ESP Updating,ESP Updating,ESP Updating,ESP Updating,Mise à jour de l'ESP,ESP Updating,ESP Updating,ESP Updating,ESP Updating
STR_COT_ESP_MODULE_ACTION_HIDE_ESP,Hide ESP,Hide ESP,Hide ESP,ESP ausblenden,Скрыть ESP,Hide ESP,Hide ESP,Hide ESP,Hide ESP,Cacher l'ESP,Hide ESP,Hide ESP,Hide ESP,Hide ESP
STR_COT_ESP_MODULE_ACTION_FULLMAP_BUTTON,Enable Fullmap ESP,Enable Fullmap ESP,Enable Fullmap ESP,Aktiviere Fullmap-ESP,Включить ESP (Вся карта),Enable Fullmap ESP,Enable Fullmap ESP,Enable Fullmap ESP,Enable Fullmap ESP,Activer l'ESP sur toute la carte,Enable Fullmap ESP,Enable Fullmap ESP,Enable Fullmap ESP,Enable Fullmap ESP
STR_COT_ESP_MODULE_ACTION_FULLMAP_WARNING_HEADER,Warning:,Warning:,Warning:,Warnung:,Предупреждение:,Warning:,Warning:,Warning:,Warning:,Avertissement:,Warning:,Warning:,Warning:,Warning:
STR_COT_ESP_MODULE_ACTION_FULLMAP_WARNING_DESCRIPTION,Exiting fullmap ESP requires a relog,Exiting fullmap ESP requires a relog,Exiting fullmap ESP requires a relog,Fullmap-ESP-Deaktivierung erfordert neu verbinden,Выход из ESP на всю карту потребует переподключение,Exiting fullmap ESP requires a relog,Exiting fullmap ESP requires a relog,Exiting fullmap ESP requires a relog,Exiting fullmap ESP requires a relog,"Quitter l'ESP ""carte complète"" requiert une reconnexion",Exiting fullmap ESP requires a relog,Exiting fullmap ESP requires a relog,Exiting fullmap ESP requires a relog,Exiting fullmap ESP requires a relog
STR_COT_ESP_MODULE_ACTION_MAKE_ITEM_SET,Make Item Set,Make Item Set,Make Item Set,Item Set erstellen,Создать Набор Предметов,Make Item Set,Make Item Set,Make Item Set,Make Item Set,Créer un set d'objecs,Make Item Set,Make Item Set,Make Item Set,Make Item Set
STR_COT_ESP_MODULE_ACTION_MAKE_ITEM_SET_CONFIRMATION_DESCRIPTION,What do you want to call this item set?,What do you want to call this item set?,What do you want to call this item set?,Wie soll dieses Item Set genannt werden?,Как вы хотите назвать этот набор?,What do you want to call this item set?,What do you want to call this item set?,What do you want to call this item set?,What do you want to call this item set?,Comment veux-tu nommer ce set d'objets ?,What do you want to call this item set?,What do you want to call this item set?,What do you want to call this item set?,What do you want to call this item set?
STR_COT_ESP_MODULE_ACTION_MAKE_ITEM_SET_CONFIRMATION_HEADER,Item Set,Item Set,Item Set,Item Set,Набор предметов,Item Set,Item Set,Item Set,Item Set,Sets d'Objets,Item Set,Item Set,Item Set,Item Set
STR_COT_ESP_MODULE_ACTION_MOVE_TO_CURSOR,Move To Cursor,Move To Cursor,Move To Cursor,Zu Cursor verschieben,Передвинуть к Курсору,Move To Cursor,Move To Cursor,Move To Cursor,Move To Cursor (Absolute),Déplacer au curseur,Move To Cursor,Move To Cursor,Move To Cursor,Move To Cursor
STR_COT_ESP_MODULE_ACTION_SHOW_ESP,Show ESP,Show ESP,Show ESP,ESP anzeigen,Показать ESP,Show ESP,Show ESP,Show ESP,Show ESP,Afficher l'ESP,Show ESP,Show ESP,Show ESP,Show ESP
STR_COT_ESP_MODULE_ACTION_VIEWING_ESP,Viewing ESP,Viewing ESP,Viewing ESP,Betrachte ESP,Включён ESP,Viewing ESP,Viewing ESP,Viewing ESP,Viewing ESP,Affichage de l'ESP,Viewing ESP,Viewing ESP,Viewing ESP,Viewing ESP
STR_COT_ESP_MODULE_ACTIONS_HEADER,Actions:,Actions:,Actions:,Aktionen:,Действия:,Actions:,Actions:,Actions:,Actions:,Actions:,Actions:,Actions:,Actions:,Actions:
STR_COT_ESP_MODULE_CLASS_FILTER,Class Filter:,Class Filter:,Class Filter:,Klassen-Filter:,Фильтр Классов:,Class Filter:,Class Filter:,Class Filter:,Class Filter:,Filtre sur la Classe:,Class Filter:,Class Filter:,Class Filter:,Class Filter:
STR_COT_ESP_MODULE_DRAW_PLAYER_SKELETONS,Draw player skeletons,Draw player skeletons,Draw player skeletons,Spieler-Drahtgitter,Draw player skeletons,Draw player skeletons,Draw player skeletons,Draw player skeletons,Draw player skeletons,Draw player skeletons,Draw player skeletons,Draw player skeletons,Draw player skeletons,Draw player skeletons
STR_COT_ESP_MODULE_FILTERS_HEADER,Filters:,Filters:,Filters:,Filter:,Фильтры:,Filters:,Filters:,Filters:,Filters:,Filtres:,Filters:,Filters:,Filters:,Filters:
STR_COT_ESP_MODULE_NAME,ESP Tools,ESP Tools,ESP Tools,ESP-Werkzeuge,ESP,ESP Tools,ESP Tools,ESP Tools,ESP Tools,Outils ESP,ESP Tools,ESP Tools,ESP Tools,ESP Tools
STR_COT_ESP_MODULE_RADIUS,Radius:,Radius:,Radius:,Umkreis:,Радиус:,Radius:,Radius:,Radius:,Radius:,Rayon:,Radius:,Radius:,Radius:,Radius:
STR_COT_ESP_MODULE_TOGGLE,Toggle,Toggle,Toggle,Umschalten,Вкл/Выкл,Toggle,Toggle,Toggle,Toggle,Basculer,Toggle,Toggle,Toggle,Toggle
STR_COT_ESP_MODULE_TOGGLE_AUTO_REFRESH,Auto Refresh,Auto Refresh,Auto Refresh,Autom. Aktualisierung,Авто-обновление,Auto Refresh,Auto Refresh,Auto Refresh,Auto Refresh,Mise à jour automatique,Auto Refresh,Auto Refresh,Auto Refresh,Auto Refresh
STR_COT_ESP_MODULE_TOGGLE_CLASS_NAME,Use Class Name,Use Class Name,Use Class Name,Klassenname nutzen,Использовать Класснейм,Use Class Name,Use Class Name,Use Class Name,Use Class Name,Afficher le nom des classes,Use Class Name,Use Class Name,Use Class Name,Use Class Name
STR_COT_ESP_MODULE_VIEW_TYPE_AMMO,Ammo,Ammo,Ammo,Munition,Боезапас,Ammo,Ammo,Ammo,Ammo,Munitions,Ammo,Ammo,Ammo,Ammo
STR_COT_ESP_MODULE_VIEW_TYPE_ANIMAL,Animal,Animal,Animal,Tier,Животное,Animal,Animal,Animal,Animal,Animaux,Animal,Animal,Animal,Animal
STR_COT_ESP_MODULE_VIEW_TYPE_BASE_BUILDING,Base Building,Base Building,Base Building,Basis-Bau,Строительство Базы,Base Building,Base Building,Base Building,Base Building,Base Building,Base Building,Base Building,Base Building,Base Building
STR_COT_ESP_MODULE_VIEW_TYPE_BOLT_ACTION_RIFLES,Bolt Action Rifles,Bolt Action Rifles,Bolt Action Rifles,Repetiergewehre,Болтовые Винтовки,Bolt Action Rifles,Bolt Action Rifles,Bolt Action Rifles,Bolt Action Rifles,Carabines à verrou,Bolt Action Rifles,Bolt Action Rifles,Bolt Action Rifles,Bolt Action Rifles
STR_COT_ESP_MODULE_VIEW_TYPE_BOLT_RIFLES,Bolt Rifles,Bolt Rifles,Bolt Rifles,Bolzengewehre,Полуавтоматические Винтовки,Bolt Rifles,Bolt Rifles,Bolt Rifles,Bolt Rifles,Fusils à verrou,Bolt Rifles,Bolt Rifles,Bolt Rifles,Bolt Rifles
STR_COT_ESP_MODULE_VIEW_TYPE_BOOKS,Books,Books,Books,Bücher,Книги,Books,Books,Books,Books,Livres,Books,Books,Books,Books
STR_COT_ESP_MODULE_VIEW_TYPE_CAR,Car,Car,Car,Fahrzeug,Машины,Car,Car,Car,Car,Voitures,Car,Car,Car,Car
STR_COT_ESP_MODULE_VIEW_TYPE_CLOTHING,Clothing,Clothing,Clothing,Kleidung,Одежда,Clothing,Clothing,Clothing,Clothing,Vêtements,Clothing,Clothing,Clothing,Clothing
STR_COT_ESP_MODULE_VIEW_TYPE_CONTAINERS,Containers,Containers,Containers,Behälter,Контейнеры,Containers,Containers,Containers,Containers,Conteneurs,Containers,Containers,Containers,Containers
STR_COT_ESP_MODULE_VIEW_TYPE_EXPLOSIVES,Explosives,Explosives,Explosives,Sprengstoff,Взрыв. Вещества,Explosives,Explosives,Explosives,Explosives,Explosifs,Explosives,Explosives,Explosives,Explosives
STR_COT_ESP_MODULE_VIEW_TYPE_FOOD,Food,Food,Food,Nahrung,Еда,Food,Food,Food,Food,Nourriture,Food,Food,Food,Food
STR_COT_ESP_MODULE_VIEW_TYPE_INFECTED,Infected,Infected,Infected,Infizierte,Инфицированные,Infected,Infected,Infected,Infected,Infectés,Infected,Infected,Infected,Infected
STR_COT_ESP_MODULE_VIEW_TYPE_ITEMS,Items,Items,Items,Gegenstände,Предметы,Items,Items,Items,Items,Objets,Items,Items,Items,Items
STR_COT_ESP_MODULE_VIEW_TYPE_MAGAZINES,Magazines,Magazines,Magazines,Magazine,Магазины,Magazines,Magazines,Magazines,Magazines,Chargeurs,Magazines,Magazines,Magazines,Magazines
STR_COT_ESP_MODULE_VIEW_TYPE_PISTOLS,Pistols,Pistols,Pistols,Handfeuerwaffen,Пистолеты,Pistols,Pistols,Pistols,Pistols,Pistolets,Pistols,Pistols,Pistols,Pistols
STR_COT_ESP_MODULE_VIEW_TYPE_PLAYER,Players,Players,Players,Spieler,Игроки,Players,Players,Players,Players,Joueurs,Players,Players,Players,Players
STR_COT_ESP_MODULE_VIEW_TYPE_PLAYER_AI,Player AI,Player AI,Player AI,NPCs,Игроки,Player AI,Player AI,Player AI,Player AI,PNJ,Player AI,Player AI,Player AI,Player AI
STR_COT_ESP_MODULE_VIEW_TYPE_RIFLES,Rifles,Rifles,Rifles,Gewehre,Винтовки,Rifles,Rifles,Rifles,Rifles,Fusils,Rifles,Rifles,Rifles,Rifles
STR_COT_ESP_MODULE_VIEW_TYPE_TENTS,Tents,Tents,Tents,Zelte,Палатки,Tents,Tents,Tents,Tents,Tentes,Tents,Tents,Tents,Tents
STR_COT_ESP_MODULE_VIEW_TYPE_TRANSMITTERS,Transmitters,Transmitters,Transmitters,Sender,Передатчики,Transmitters,Transmitters,Transmitters,Transmitters,Transmetteurs,Transmitters,Transmitters,Transmitters,Transmitters
STR_COT_ESP_MODULE_VIEW_TYPE_UNKNOWN_ITEMS,Unknown Items,Unknown Items,Unknown Items,Unbekannt,Неизвестные предметы,Unknown Items,Unknown Items,Unknown Items,Unknown Items,Objets inconnus,Unknown Items,Unknown Items,Unknown Items,Unknown Items
STR_COT_ESP_MODULE_VIEW_TYPE_WEAPONS,Weapons,Weapons,Weapons,Waffen,Оружие,Weapons,Weapons,Weapons,Weapons,Armes,Weapons,Weapons,Weapons,Weapons
STR_COT_ESP_MODULE_VIEW_TYPE_Immovable,Immovable,Immovable,Immovable,Unbeweglich,Immovable,Immovable,Immovable,Immovable,Immovable,Immovable,Immovable,Immovable,Immovable,Immovable
STR_COT_FORMAT_METRE,%1m,%1m,%1m,%1m,%1м,%1m,%1m,%1m,%1m,%1m,%1m,%1m,%1m,%1m
STR_COT_FORMAT_METRE_LONG,%1 metre(s),%1 metre(s),%1 metre(s),%1 Meter,%1 метр(-ов),%1 metre(s),%1 metre(s),%1 metre(s),%1 metre(s),%1 metre(s),%1 metre(s),%1 metre(s),%1 metre(s),%1 metre(s)
STR_COT_FORMAT_NONE,%1,%1,%1,%1,%1,%1,%1,%1,%1,%1,%1,%1,%1,%1
STR_COT_FORMAT_PERCENTAGE,%1%,%1%,%1%,%1%,%1%,%1%,%1%,%1%,%1%,%1%,%1%,%1%,%1%,%1%
STR_COT_FORMAT_SECOND,%1s,%1s,%1s,%1s,%1s,%1s,%1s,%1s,%1s,%1s,%1s,%1s,%1s,%1s
STR_COT_FORMAT_SECOND_LONG,%1 second(s),%1 second(s),%1 second(s),%1 Sekunde(n),%1 сек.,%1 second(s),%1 second(s),%1 second(s),%1 second(s),%1 seconde(s),%1 second(s),%1 second(s),%1 second(s),%1 second(s)
STR_COT_GENERIC_ALL,All,All,All,Alle,All,All,All,All,All,All,All,All,All,All
STR_COT_GENERIC_CANCEL,Cancel,Cancel,Cancel,Abbrechen,Отменить,Cancel,Cancel,Cancel,Cancel,Annuler,Cancel,Cancel,Cancel,Cancel
STR_COT_GENERIC_CONFIRM,Confirm,Confirm,Confirm,Bestätigen,Подтвердить,Confirm,Confirm,Confirm,Confirm,Confirmer,Confirm,Confirm,Confirm,Confirm
STR_COT_GENERIC_CREATE,Create,Create,Create,Erstellen,Создать,Create,Create,Create,Create,Créer,Create,Create,Create,Create
STR_COT_GENERIC_LINE_THICKNESS,Line thickness,Line thickness,Line thickness,Linienstärke,Line thickness,Line thickness,Line thickness,Line thickness,Line thickness,Line thickness,Line thickness,Line thickness,Line thickness,Line thickness
STR_COT_GENERIC_MAKE,Make,Make,Make,Herstellen,Создать,Make,Make,Make,Make,Faire,Make,Make,Make,Make
STR_COT_GENERIC_NO,No,No,No,Nein,Нет,No,No,No,No,Non,No,No,No,No
STR_COT_GENERIC_NONE,None,None,None,Keine,None,None,None,None,None,None,None,None,None,None
STR_COT_GENERIC_OFF,off,off,VYP,aus,выкл,WYŁ.,off,NO,NO,NON,關,オフ,off,off
STR_COT_GENERIC_OFF_C,OFF,OFF,VYP,AUS,ВЫКЛ,WYŁ.,OFF,NO,NO,NON,關,オフ,OFF,OFF
STR_COT_GENERIC_ON,on,on,ZAP,an,вкл,WŁ.,on,SÌ,SÍ,OUI,開,オン,on,on
STR_COT_GENERIC_ON_C,ON,ON,ZAP,AN,ВКЛ,WŁ.,ON,SÌ,SÍ,OUI,開,オン,ON,ON
STR_COT_GENERIC_OTHERS,Others,Others,Others,Andere,Others,Others,Others,Others,Others,Others,Others,Others,Others,Others
STR_COT_GENERIC_SPAWN,Spawn,Spawn,Spawn,Spawn,Заспавнить,Spawn,Spawn,Spawn,Spawn,Spawn,Spawn,Spawn,Spawn,Spawn
STR_COT_GENERIC_YES,Yes,Yes,Yes,Ja,Да,Yes,Yes,Yes,Yes,Oui,Yes,Yes,Yes,Yes
STR_COT_INPUT_FREECAM_SPEED_DECREASE,Decrease Freecam Speed,Decrease Freecam Speed,Decrease Freecam Speed,Freecam-Geschwindigkeit reduzieren,Уменьшить скорость Камеры,Decrease Freecam Speed,Decrease Freecam Speed,Decrease Freecam Speed,Decrease Freecam Speed,Baisser la vitesse de la caméra libre,Decrease Freecam Speed,Decrease Freecam Speed,Decrease Freecam Speed,Decrease Freecam Speed
STR_COT_INPUT_FREECAM_SPEED_INCREASE,Increase Freecam Speed,Increase Freecam Speed,Increase Freecam Speed,Freecam-Geschwindigkeit erhöhen,Увеличить скорость Камеры,Increase Freecam Speed,Increase Freecam Speed,Increase Freecam Speed,Increase Freecam Speed,Augmenter la vitesse de la caméra libre,Increase Freecam Speed,Increase Freecam Speed,Increase Freecam Speed,Increase Freecam Speed
STR_COT_INPUT_FREECAM_ZOOM_BACKWARD,Zoom Freecam Backwards,Zoom Freecam Backwards,Zoom Freecam Backwards,Freecam heraus zoomen,Приблизить вид Камеры,Zoom Freecam Backwards,Zoom Freecam Backwards,Zoom Freecam Backwards,Zoom Freecam Backwards,Dé-zoomer la caméra libre,Zoom Freecam Backwards,Zoom Freecam Backwards,Zoom Freecam Backwards,Zoom Freecam Backwards
STR_COT_INPUT_FREECAM_ZOOM_FORWARD,Zoom Freecam Forwards,Zoom Freecam Forwards,Zoom Freecam Forwards,Freecam hinein zoomen,Отдалить вид Камеры,Zoom Freecam Forwards,Zoom Freecam Forwards,Zoom Freecam Forwards,Zoom Freecam Forwards,Zoomer la caméra libre,Zoom Freecam Forwards,Zoom Freecam Forwards,Zoom Freecam Forwards,Zoom Freecam Forwards
STR_COT_INPUT_SPAWN_ANIMAL,Spawn Animal (Crosshair),Spawn Animal (Crosshair),Spawn Animal (Crosshair),Tier spawnen (Fadenkreuz),Создать Животное (Прицел),Spawn Animal (Crosshair),Spawn Animal (Crosshair),Spawn Animal (Crosshair),Spawn Animal (Crosshair),Spawn un Animal (viseur),Spawn Animal (Crosshair),Spawn Animal (Crosshair),Spawn Animal (Crosshair),Spawn Animal (Crosshair)
STR_COT_INPUT_SPAWN_INFECTED,Spawn Infected (Crosshair),Spawn Infected (Crosshair),Spawn Infected (Crosshair),Infizierten spawnen (Fadenkreuz),Создать Инфицированного (Прицел),Spawn Infected (Crosshair),Spawn Infected (Crosshair),Spawn Infected (Crosshair),Spawn Infected (Crosshair),Spawn un Infecté (viseur),Spawn Infected (Crosshair),Spawn Infected (Crosshair),Spawn Infected (Crosshair),Spawn Infected (Crosshair)
STR_COT_INPUT_SPAWN_WOLF,Spawn Wolf (Crosshair),Spawn Wolf (Crosshair),Spawn Wolf (Crosshair),Wolf spawnen (Fadenkreuz),Создать Волка (Прицел),Spawn Wolf (Crosshair),Spawn Wolf (Crosshair),Spawn Wolf (Crosshair),Spawn Wolf (Crosshair),Spawn un Loup (viseur),Spawn Wolf (Crosshair),Spawn Wolf (Crosshair),Spawn Wolf (Crosshair),Spawn Wolf (Crosshair)
STR_COT_INPUT_TELEPORT_CROSSHAIR,Teleport Self (Crosshair),Teleport Self (Crosshair),Teleport Self (Crosshair),Selbst teleportieren (Fadenkreuz),Телепортировать Себя (Прицел),Teleport Self (Crosshair),Teleport Self (Crosshair),Teleport Self (Crosshair),Teleport Self (Crosshair),Se téléporteur sur le viseur,Teleport Self (Crosshair),Teleport Self (Crosshair),Teleport Self (Crosshair),Teleport Self (Crosshair)
STR_COT_INPUT_TELEPORT_WORLD_MODEL_LOOK_AT,WorldToModelLookAt,WorldToModelLookAt,WorldToModelLookAt,WorldToModelLookAt,WorldToModelLookAt,WorldToModelLookAt,WorldToModelLookAt,WorldToModelLookAt,WorldToModelLookAt,WorldToModelLookAt,WorldToModelLookAt,WorldToModelLookAt,WorldToModelLookAt,WorldToModelLookAt
STR_COT_INPUT_TOGGLE,Enable/Disable Keybinds,Enable/Disable Keybinds,Enable/Disable Keybinds,Hotkeys ein-/ausschalten,Вкл/Выкл Функционал,Enable/Disable Keybinds,Enable/Disable Keybinds,Enable/Disable Keybinds,Enable/Disable Keybinds,Activer/Désactiver les raccourcis,Enable/Disable Keybinds,Enable/Disable Keybinds,Enable/Disable Keybinds,Enable/Disable Keybinds
STR_COT_INPUT_TOGGLE_FREECAM,Toggles Freecam,Toggles Freecam,Toggles Freecam,Freecam ein-/ausschalten,Вкл/Выкл Камеру,Toggles Freecam,Toggles Freecam,Toggles Freecam,Toggles Freecam,Activer/Désactiver la caméra libre,Toggles Freecam,Toggles Freecam,Toggles Freecam,Toggles Freecam
STR_COT_INPUT_TOGGLE_MENU_CAMERA,Open/Close Camera Menu,Open/Close Camera Menu,Open/Close Camera Menu,Kamera-Menü öffnen/schließen,Открыть/Закрыть Меню Камеры,Open/Close Camera Menu,Open/Close Camera Menu,Open/Close Camera Menu,Open/Close Camera Menu,Ouvrir/Fermer le menu Caméra,Open/Close Camera Menu,Open/Close Camera Menu,Open/Close Camera Menu,Open/Close Camera Menu
STR_COT_INPUT_TOGGLE_MENU_ENTITY,Open/Close Entity Menu,Open/Close Entity Menu,Open/Close Entity Menu,Entity-Menü öffnen/schließen,Открыть/Закрыть Меню Предмета,Open/Close Entity Menu,Open/Close Entity Menu,Open/Close Entity Menu,Open/Close Entity Menu,Ouvrir/Fermer le menu Entitée,Open/Close Entity Menu,Open/Close Entity Menu,Open/Close Entity Menu,Open/Close Entity Menu
STR_COT_INPUT_TOGGLE_MENU_ESP,Open/Close ESP Menu,Open/Close ESP Menu,Open/Close ESP Menu,ESP Menü öffnen/schließen,Открыть/Закрыть Меню ESP,Open/Close ESP Menu,Open/Close ESP Menu,Open/Close ESP Menu,Open/Close ESP Menu,Ouvrir/Fermer le menu ESP,Open/Close ESP Menu,Open/Close ESP Menu,Open/Close ESP Menu,Open/Close ESP Menu
STR_COT_INPUT_TOGGLE_MENU_ITEMSET,Open/Close Item Set Menu,Open/Close Item Set Menu,Open/Close Item Set Menu,Item Set Menü öffnen/schließen,Открыть/Закрыть Меню Наборов,Open/Close Item Set Menu,Open/Close Item Set Menu,Open/Close Item Set Menu,Open/Close Item Set Menu,Ouvrir/Fermer le menu Sets d'Objets,Open/Close Item Set Menu,Open/Close Item Set Menu,Open/Close Item Set Menu,Open/Close Item Set Menu
STR_COT_INPUT_TOGGLE_MENU_MAP,Open/Close Map Menu,Open/Close Map Menu,Open/Close Map Menu,Karten-Menü öffnen/schließen,Открыть/Закрыть Меню Карты,Open/Close Map Menu,Open/Close Map Menu,Open/Close Map Menu,Open/Close Map Menu,Ouvrir/Fermer le menu Carte,Open/Close Map Menu,Open/Close Map Menu,Open/Close Map Menu,Open/Close Map Menu
STR_COT_INPUT_TOGGLE_MENU_MAP_EDITOR,Open/Close Map Editor,Open/Close Map Editor,Open/Close Map Editor,Karten-Editor öffnen/schließen,Открыть/Закрыть Редактор Карты,Open/Close Map Editor,Open/Close Map Editor,Open/Close Map Editor,Open/Close Map Editor,Ouvrir/Fermer le menu Editeur de Carte,Open/Close Map Editor,Open/Close Map Editor,Open/Close Map Editor,Open/Close Map Editor
STR_COT_INPUT_TOGGLE_MENU_PLAYER,Open/Close Player Menu,Open/Close Player Menu,Open/Close Player Menu,Spieler-Menü öffnen/schließen,Открыть/Закрыть Меню Игрока,Open/Close Player Menu,Open/Close Player Menu,Open/Close Player Menu,Open/Close Player Menu,Ouvrir/Fermer le menu Joueur,Open/Close Player Menu,Open/Close Player Menu,Open/Close Player Menu,Open/Close Player Menu
STR_COT_INPUT_TOGGLE_MENU_SELECTED,Open/Close Selected Menu,Open/Close Selected Menu,Open/Close Selected Menu,Ausgewähltes Menü öffnen/schließen,Открыть/Закрыть Меню Выбранного,Open/Close Selected Menu,Open/Close Selected Menu,Open/Close Selected Menu,Open/Close Selected Menu,Ouvrir/Fermer le menu Selectionné,Open/Close Selected Menu,Open/Close Selected Menu,Open/Close Selected Menu,Open/Close Selected Menu
STR_COT_INPUT_TOGGLE_MENU_SERVER_INFO,Open/Close Server Info Menu,Open/Close Server Info Menu,Open/Close Server Info Menu,Serverinfo-Menü öffnen/schließen,Открыть/Закрыть Меню Серверной Информации,Open/Close Server Info Menu,Open/Close Server Info Menu,Open/Close Server Info Menu,Open/Close Server Info Menu,Ouvrir/Fermer le menu Infos Serveur,Open/Close Server Info Menu,Open/Close Server Info Menu,Open/Close Server Info Menu,Open/Close Server Info Menu
STR_COT_INPUT_TOGGLE_MENU_TELEPORT,Open/Close Teleport Menu,Open/Close Teleport Menu,Open/Close Teleport Menu,Teleport-Menü öffnen/schließen,Открыть/Закрыть Меню Телепорта,Open/Close Teleport Menu,Open/Close Teleport Menu,Open/Close Teleport Menu,Open/Close Teleport Menu,Ouvrir/Fermer le menu Téléportation,Open/Close Teleport Menu,Open/Close Teleport Menu,Open/Close Teleport Menu,Open/Close Teleport Menu
STR_COT_INPUT_TOGGLE_MENU_VEHICLE,Open/Close Vehicle Menu,Open/Close Vehicle Menu,Open/Close Vehicle Menu,Fahrzeug-Menü öffnen/schließen,Открыть/Закрыть Меню Транспорта,Open/Close Vehicle Menu,Open/Close Vehicle Menu,Open/Close Vehicle Menu,Open/Close Vehicle Menu,Ouvrir/Fermer le menu Véhicule,Open/Close Vehicle Menu,Open/Close Vehicle Menu,Open/Close Vehicle Menu,Open/Close Vehicle Menu
STR_COT_INPUT_TOGGLE_MENU_WEATHER,Open/Close Weather Menu,Open/Close Weather Menu,Open/Close Weather Menu,Wetter-Menü öffnen/schließen,Открыть/Закрыть Меню Погоды,Open/Close Weather Menu,Open/Close Weather Menu,Open/Close Weather Menu,Open/Close Weather Menu,Ouvrir/Fermer le menu Météo,Open/Close Weather Menu,Open/Close Weather Menu,Open/Close Weather Menu,Open/Close Weather Menu
STR_COT_INPUT_TOGGLE_SIDEBAR,Open/Close Sidebar,Open/Close Sidebar,Open/Close Sidebar,Seitenleiste öffnen/schließen,Открыть/Закрыть Боковую Панель,Open/Close Sidebar,Open/Close Sidebar,Open/Close Sidebar,Open/Close Sidebar,Ouvrir/Fermer le menu Général,Open/Close Sidebar,Open/Close Sidebar,Open/Close Sidebar,Open/Close Sidebar
STR_COT_ITEMSET_MODULE_NAME,ItemSet Spawner,ItemSet Spawner,ItemSet Spawner,ItemSet-Spawner,Спавнер Наборов,ItemSet Spawner,ItemSet Spawner,ItemSet Spawner,ItemSet Spawner,Spawneur de Sets d'Objets,ItemSet Spawner,ItemSet Spawner,ItemSet Spawner,ItemSet Spawner
STR_COT_ITEMSET_MODULE_SPAWN_CURSOR,Cursor,Cursor,Cursor,Mauszeiger,Курсор,Cursor,Cursor,Cursor,Cursor,Viseur,Cursor,Cursor,Cursor,Cursor
STR_COT_ITEMSET_MODULE_SPAWN_SELECTED_PLAYERS,Selected Player(s),Selected Player(s),Selected Player(s),Ausgewählte(r) Spieler,Выбранный игрок(-и),Selected Player(s),Selected Player(s),Selected Player(s),Selected Player(s),Selected Player(s),Selected Player(s),Selected Player(s),Selected Player(s),Selected Player(s)
STR_COT_MAP_MODULE_NAME,Map,Map,Map,Karte,Карта,Map,Map,Map,Map,Carte,Map,Map,Map,Map
STR_COT_NOTIFICATION_KICKED_BY_ADMIN,Kicked by Admin,Kicked by Admin,Kicked by Admin,Gekickt von Admin,Kicked by Admin,Kicked by Admin,Kicked by Admin,Kicked by Admin,Kicked by Admin,Kicked by Admin,Kicked by Admin,Kicked by Admin,Kicked by Admin,Kicked by Admin
STR_COT_NOTIFICATION_TITLE_ADMIN,Community Online Tools,Community Online Tools,Community Online Tools,Community Online Tools,Community Online Tools,Community Online Tools,Community Online Tools,Community Online Tools,Community Online Tools,Community Online Tools,Community Online Tools,Community Online Tools,Community Online Tools,Community Online Tools
STR_COT_NOTIFICATION_TOGGLE,Community Online Tools has been toggled %1,Community Online Tools has been toggled %1,Community Online Tools has been toggled %1,Community Online Tools %1geschaltet,Community Online Tools был включён %1,Community Online Tools has been toggled %1,Community Online Tools has been toggled %1,Community Online Tools has been toggled %1,Community Online Tools has been toggled %1,Community Online Tools est désormais %1,Community Online Tools has been toggled %1,Community Online Tools has been toggled %1,Community Online Tools has been toggled %1,Community Online Tools has been toggled %1
STR_COT_NOTIFICATION_WARNING_TOGGLED_OFF,Community Online Tools is currently toggled off.,Community Online Tools is currently toggled off.,Community Online Tools is currently toggled off.,Community Online Tools ist deaktiviert.,Community Online Tools выключен.,Community Online Tools is currently toggled off.,Community Online Tools is currently toggled off.,Community Online Tools is currently toggled off.,Community Online Tools is currently toggled off.,Community Online Tools est actuellement désactivé.,Community Online Tools is currently toggled off.,Community Online Tools is currently toggled off.,Community Online Tools is currently toggled off.,Community Online Tools is currently toggled off.
STR_COT_OBJECT_MODULE_CURSOR,Cursor,Cursor,Cursor,Mauszeiger,Курсор,Cursor,Cursor,Cursor,Cursor,Viseur,Cursor,Cursor,Cursor,Cursor
STR_COT_OBJECT_MODULE_DELETE,Delete,Delete,Delete,Löschen,Удалить,Delete,Delete,Delete,Delete,Supprimer,Delete,Delete,Delete,Delete
STR_COT_OBJECT_MODULE_DELETE_CONFIRMATION_BODY,Do you wish to remove the object %1,Do you wish to remove the object %1,Do you wish to remove the object %1,Das Objekt %1 wirklich löschen?,Вы действительно хотите удалить %1?,Do you wish to remove the object %1,Do you wish to remove the object %1,Do you wish to remove the object %1,Do you wish to remove the object %1,Veux-tu vraiment supprimer l'objet %1,Do you wish to remove the object %1,Do you wish to remove the object %1,Do you wish to remove the object %1,Do you wish to remove the object %1
STR_COT_OBJECT_MODULE_FILTER_TYPE_AI,AI,AI,AI,KI,ИИ,AI,AI,AI,AI,IA,AI,AI,AI,AI
STR_COT_OBJECT_MODULE_FILTER_TYPE_ALL,All,All,All,Alle,Всё,All,All,All,All,Tous,All,All,All,All
STR_COT_OBJECT_MODULE_FILTER_TYPE_BUILDINGS,Buildings,Buildings,Buildings,Gebäude,Здания,Buildings,Buildings,Buildings,Buildings,Bâtiments,Buildings,Buildings,Buildings,Buildings
STR_COT_OBJECT_MODULE_FILTER_TYPE_CLOTHING,Clothing,Clothing,Clothing,Kleidung,Одежда,Clothing,Clothing,Clothing,Clothing,Vêtements,Clothing,Clothing,Clothing,Clothing
STR_COT_OBJECT_MODULE_FILTER_TYPE_FIREARMS,Firearms,Firearms,Firearms,Waffen,Оружие,Firearms,Firearms,Firearms,Firearms,Armes à feux,Firearms,Firearms,Firearms,Firearms
STR_COT_OBJECT_MODULE_FILTER_TYPE_FOOD,Food,Food,Food,Nahrung,Еда,Food,Food,Food,Food,Nourriture,Food,Food,Food,Food
STR_COT_OBJECT_MODULE_FILTER_TYPE_ITEMS,Items,Items,Items,Gegenstände,Предметы,Items,Items,Items,Items,Objets,Items,Items,Items,Items
STR_COT_OBJECT_MODULE_FILTER_TYPE_VEHICLES,Vehicles,Vehicles,Vehicles,Fahrzeuge,Транспорт,Vehicles,Vehicles,Vehicles,Vehicles,Véhicules,Vehicles,Vehicles,Vehicles,Vehicles
STR_COT_OBJECT_MODULE_INVENTORY,Inventory,Inventory,Inventory,Inventar,Инвентарь,Inventory,Inventory,Inventory,Inventory,Inventaire,Inventory,Inventory,Inventory,Inventory
STR_COT_OBJECT_MODULE_NAME,Object Spawner,Object Spawner,Object Spawner,Objekt-Spawner,Спавнер Объектов,Object Spawner,Object Spawner,Object Spawner,Object Spawner,Spawneur d'Objets,Object Spawner,Object Spawner,Object Spawner,Object Spawner
STR_COT_OBJECT_MODULE_ONDEBUGSPAWN,Spawn with attachments/fuel,Spawn with attachments/fuel,Spawn with attachments/fuel,Mit Zubehör/Treibstoff spawnen,Spawn with attachments/fuel,Spawn with attachments/fuel,Spawn with attachments/fuel,Spawn with attachments/fuel,Spawn with attachments/fuel,Spawn with attachments/fuel,Spawn with attachments/fuel,Spawn with attachments/fuel,Spawn with attachments/fuel,Spawn with attachments/fuel
STR_COT_OBJECT_MODULE_SHOWUNSAFE,Show Unsafe objects,Show Unsafe objects,Show Unsafe objects,Show Unsafe objects,Show Unsafe objects,Show Unsafe objects,Show Unsafe objects,Show Unsafe objects,Show Unsafe objects,Show Unsafe objects,Show Unsafe objects,Show Unsafe objects,Show Unsafe objects,Show Unsafe objects
STR_COT_OBJECT_MODULE_QUANTITY,Quantity:,Quantity:,Quantity:,Menge:,Количество:,Quantity:,Quantity:,Quantity:,Quantity:,Quantité:,Quantity:,Quantity:,Quantity:,Quantity:
STR_COT_OBJECT_MODULE_SEARCH,Search:,Search:,Search:,Suche:,Искать:,Search:,Search:,Search:,Search:,Recherche:,Search:,Search:,Search:,Search:
STR_COT_OBJECT_MODULE_SELECTED_PLAYERS,Selected Player(s),Selected Player(s),Selected Player(s),Ausgewählte(r) Spieler,Выбранный игрок(-и),Selected Player(s),Selected Player(s),Selected Player(s),Selected Player(s),Joueur(s) sélectionné(s),Selected Player(s),Selected Player(s),Selected Player(s),Selected Player(s)
STR_COT_OBJECT_MODULE_SELF,Self,Self,Self,Mir selbst,Себя,Self,Self,Self,Self,Sois-même,Self,Self,Self,Self
STR_COT_OBJECT_MODULE_SPAWN_ON,Spawn On:,Spawn On:,Spawn On:,Spawnen bei:,Заспавнить На:,Spawn On:,Spawn On:,Spawn On:,Spawn On:,Spawn On:,Spawn On:,Spawn On:,Spawn On:,Spawn On:
STR_COT_PERMISSION_ALLOW_C,ALLOW,ALLOW,ALLOW,ERLAUBEN,РАЗРЕШИТЬ,ALLOW,ALLOW,ALLOW,ALLOW,AUTORISER,ALLOW,ALLOW,ALLOW,ALLOW
STR_COT_PERMISSION_DISALLOW_C,DISALLOW,DISALLOW,DISALLOW,VERBIETEN,ЗАПРЕТИТЬ,DISALLOW,DISALLOW,DISALLOW,DISALLOW,INTERDIRE,DISALLOW,DISALLOW,DISALLOW,DISALLOW
STR_COT_PERMISSION_INHERIT_C,INHERIT,INHERIT,INHERIT,ERBEN,НАСЛЕДОВАТЬ,INHERIT,INHERIT,INHERIT,INHERIT,HERITE,INHERIT,INHERIT,INHERIT,INHERIT
STR_COT_PLAYER_MODULE_KICK_MESSAGE_HEADER,Kick Message,Kick Message,Kick Message,Kick-Nachricht,Kick Message,Kick Message,Kick Message,Kick Message,Kick Message,Kick Message,Kick Message,Kick Message,Kick Message,Kick Message
STR_COT_PLAYER_MODULE_KICK_MESSAGE_BODY,Leave blank to use default,Leave blank to use default,Leave blank to use default,"Freilassen, um Standard zu verwenden",Leave blank to use default,Leave blank to use default,Leave blank to use default,Leave blank to use default,Leave blank to use default,Leave blank to use default,Leave blank to use default,Leave blank to use default,Leave blank to use default,Leave blank to use default
STR_COT_PLAYER_MODULE_LEFT_FILTER,Filter:,Filter:,Filter:,Filter:,Фильтр:,Filter:,Filter:,Filter:,Filter:,Filtre:,Filter:,Filter:,Filter:,Filter:
STR_COT_PLAYER_MODULE_LEFT_PLAYER_COUNT,Player Count:,Player Count:,Player Count:,Spieler-Zahl:,Число Игроков:,Player Count:,Player Count:,Player Count:,Player Count:,Nombre de joueurs:,Player Count:,Player Count:,Player Count:,Player Count:
STR_COT_PLAYER_MODULE_LEFT_SORT,Sort:,Sort:,Sort:,Sortieren:,Сортировать:,Sort:,Sort:,Sort:,Sort:,Tri:,Sort:,Sort:,Sort:,Sort:
STR_COT_PLAYER_MODULE_NAME,Player Management,Player Management,Player Management,Spieler-Verwaltung,Управление Игроками,Player Management,Player Management,Player Management,Player Management,Gestion des Joueurs,Player Management,Player Management,Player Management,Player Management
STR_COT_PLAYER_MODULE_RIGHT_PLAYER_IDENTITY_GUID,GUID:,GUID:,GUID:,GUID:,GUID:,GUID:,GUID:,GUID:,GUID:,GUID:,GUID:,GUID:,GUID:,GUID:
STR_COT_PLAYER_MODULE_RIGHT_PLAYER_IDENTITY_NAME,Name:,Name:,Name:,Name:,Имя:,Name:,Name:,Name:,Name:,Nom:,Name:,Name:,Name:,Name:
STR_COT_PLAYER_MODULE_RIGHT_PLAYER_IDENTITY_STEAMID,Steam:,Steam:,Steam:,Steam:,Steam:,Steam:,Steam:,Steam:,Steam:,Steam:,Steam:,Steam:,Steam:,Steam:
STR_COT_PLAYER_MODULE_RIGHT_PLAYER_PERMISSIONS_HEADER,Permission Management:,Permission Management:,Permission Management:,Rechte-Verwaltung:,Настройка Прав:,Permission Management:,Permission Management:,Permission Management:,Permission Management:,Gestion des Permissions:,Permission Management:,Permission Management:,Permission Management:,Permission Management:
STR_COT_PLAYER_MODULE_RIGHT_PLAYER_PERMISSIONS_HIDE_PERMISSIONS,Hide Permissions,Hide Permissions,Hide Permissions,Rechte ausblenden,Скрыть Права,Hide Permissions,Hide Permissions,Hide Permissions,Hide Permissions,Cacher les Permissions,Hide Permissions,Hide Permissions,Hide Permissions,Hide Permissions
STR_COT_PLAYER_MODULE_RIGHT_PLAYER_PERMISSIONS_HIDE_ROLES,Hide Roles,Hide Roles,Hide Roles,Rollen ausblenden,Скрыть Роли,Hide Roles,Hide Roles,Hide Roles,Hide Roles,Cacher les Roles,Hide Roles,Hide Roles,Hide Roles,Hide Roles
STR_COT_PLAYER_MODULE_RIGHT_PLAYER_PERMISSIONS_PERMISSIONS,Permissions,Permissions,Permissions,Rechte,Права,Permissions,Permissions,Permissions,Permissions,Permissions,Permissions,Permissions,Permissions,Permissions
STR_COT_PLAYER_MODULE_RIGHT_PLAYER_PERMISSIONS_ROLES,Roles,Roles,Roles,Rollen,Роли,Roles,Roles,Roles,Roles,Roles,Roles,Roles,Roles,Roles
STR_COT_PLAYER_MODULE_RIGHT_PLAYER_PERMISSIONS_SAVE_PERMISSIONS,Save Permissions,Save Permissions,Save Permissions,Rechte speichern,Сохранить Права,Save Permissions,Save Permissions,Save Permissions,Save Permissions,Sauvegarder les Permissions,Save Permissions,Save Permissions,Save Permissions,Save Permissions
STR_COT_PLAYER_MODULE_RIGHT_PLAYER_PERMISSIONS_SAVE_ROLES,Save Roles,Save Roles,Save Roles,Rollen speichern,Сохранить Роли,Save Roles,Save Roles,Save Roles,Save Roles,Sauvegarder les Roles,Save Roles,Save Roles,Save Roles,Save Roles
STR_COT_PLAYER_MODULE_RIGHT_PLAYER_PERMISSIONS_SHOW_PERMISSIONS,Show Permissions,Show Permissions,Show Permissions,Rechte anzeigen,Показать Права,Show Permissions,Show Permissions,Show Permissions,Show Permissions,Afficher les Permissions,Show Permissions,Show Permissions,Show Permissions,Show Permissions
STR_COT_PLAYER_MODULE_RIGHT_PLAYER_PERMISSIONS_SHOW_ROLES,Show Roles,Show Roles,Show Roles,Rollen anzeigen,Показать Роли,Show Roles,Show Roles,Show Roles,Show Roles,Afficher les Roles,Show Roles,Show Roles,Show Roles,Show Roles
STR_COT_PLAYER_MODULE_RIGHT_PLAYER_POSITION_HEADER,Teleporting:,Teleporting:,Teleporting:,Teleportiere:,Телепортирование:,Teleporting:,Teleporting:,Teleporting:,Teleporting:,Téléportation:,Teleporting:,Teleporting:,Teleporting:,Teleporting:
STR_COT_PLAYER_MODULE_RIGHT_PLAYER_ORIENTATION_COPY,Copy Orientation,Copy Orientation,Copy Orientation,Copy Orientation,Copy Orientation,Copy Orientation,Copy Orientation,Copy Orientation,Copy Orientation,Copy Orientation,Copy Orientation,Copy Orientation,Copy Orientation,Copy Orientation
STR_COT_PLAYER_MODULE_RIGHT_PLAYER_POSITION_COPY,Copy Position,Copy Position,Copy Position,Position kopieren,Copy Position,Copy Position,Copy Position,Copy Position,Copy Position,Copy Position,Copy Position,Copy Position,Copy Position,Copy Position
STR_COT_PLAYER_MODULE_RIGHT_PLAYER_POSITION_REFRESH_COORDINATES,Refresh Coordinates,Refresh Coordinates,Refresh Coordinates,Koordinaten aktualisieren,Обновить Координаты,Refresh Coordinates,Refresh Coordinates,Refresh Coordinates,Refresh Coordinates,Mettre à jour les coordonnées,Refresh Coordinates,Refresh Coordinates,Refresh Coordinates,Refresh Coordinates
STR_COT_PLAYER_MODULE_RIGHT_PLAYER_POSITION_TELEPORT_ME_TO,Teleport Me To,Teleport Me To,Teleport Me To,Teleportiere mich zu Spieler,Телепортировать Меня,Teleport Me To,Teleport Me To,Teleport Me To,Teleport Me To,Me téléporter à,Teleport Me To,Teleport Me To,Teleport Me To,Teleport Me To
STR_COT_PLAYER_MODULE_RIGHT_PLAYER_POSITION_TELEPORT_PREVIOUS,Teleport Previous,Teleport Previous,Teleport Previous,Teleporiere an vorherigen Ort,Телепортировать к Предыдущему,Teleport Previous,Teleport Previous,Teleport Previous,Teleport Previous,Téléporter à la position précédente,Teleport Previous,Teleport Previous,Teleport Previous,Teleport Previous
STR_COT_PLAYER_MODULE_RIGHT_PLAYER_POSITION_TELEPORT_TO_COORDINATES,Teleport to Coordinates,Teleport to Coordinates,Teleport to Coordinates,Teleportiere zu Koordinaten,Телепортировать к Координатам,Teleport to Coordinates,Teleport to Coordinates,Teleport to Coordinates,Teleport to Coordinates,Téléporter aux coordonées,Teleport to Coordinates,Teleport to Coordinates,Teleport to Coordinates,Teleport to Coordinates
STR_COT_PLAYER_MODULE_RIGHT_PLAYER_POSITION_TELEPORT_TO_ME,Teleport To Me,Teleport To Me,Teleport To Me,Zu mir teleportieren,Телепортировать ко Мне,Teleport To Me,Teleport To Me,Teleport To Me,Teleport To Me,Téléporter à moi,Teleport To Me,Teleport To Me,Teleport To Me,Teleport To Me
STR_COT_PLAYER_MODULE_RIGHT_PLAYER_QUICK_ACTIONS_BAN,Ban,Ban,Ban,Bannen,Ban,Ban,Ban,Ban,Ban,Ban,Ban,Ban,Ban,Ban
STR_COT_PLAYER_MODULE_RIGHT_PLAYER_QUICK_ACTIONS_CLEAR_INVENTORY,Clear Inventory,Clear Inventory,Clear Inventory,Inventar leeren,Очистить Инвентарь,Clear Inventory,Clear Inventory,Clear Inventory,Clear Inventory,Vider l'inventaire,Clear Inventory,Clear Inventory,Clear Inventory,Clear Inventory
STR_COT_PLAYER_MODULE_RIGHT_PLAYER_QUICK_ACTIONS_DRY,Dry,Dry,Dry,Trocknen,Dry,Dry,Dry,Dry,Dry,Dry,Dry,Dry,Dry,Dry
STR_COT_PLAYER_MODULE_RIGHT_PLAYER_QUICK_ACTIONS_HEADER,Quick Actions:,Quick Actions:,Quick Actions:,Schnellaktionen:,Быстрые Действия:,Quick Actions:,Quick Actions:,Quick Actions:,Quick Actions:,Actions rapides:,Quick Actions:,Quick Actions:,Quick Actions:,Quick Actions:
STR_COT_PLAYER_MODULE_RIGHT_PLAYER_QUICK_ACTIONS_HEAL,Heal,Heal,Heal,Heilen,Вылечить,Heal,Heal,Heal,Heal,Soigner,Heal,Heal,Heal,Heal
STR_COT_PLAYER_MODULE_RIGHT_PLAYER_QUICK_ACTIONS_KICK,Kick,Kick,Kick,Kicken,Kick,Kick,Kick,Kick,Kick,Kick,Kick,Kick,Kick,Kick
STR_COT_PLAYER_MODULE_RIGHT_PLAYER_QUICK_ACTIONS_KILL,Kill,Kill,Kill,Töten,Kill,Kill,Kill,Kill,Kill,Kill,Kill,Kill,Kill,Kill
STR_COT_PLAYER_MODULE_RIGHT_PLAYER_QUICK_ACTIONS_REPAIR_TRANSPORT,Repair Transport,Repair Transport,Repair Transport,Fahrzeug reparieren,Починить Транспорт,Repair Transport,Repair Transport,Repair Transport,Repair Transport,Réparer le véhicule,Repair Transport,Repair Transport,Repair Transport,Repair Transport
STR_COT_PLAYER_MODULE_RIGHT_PLAYER_QUICK_ACTIONS_SEND_MESSAGE,Send message,Send message,Send message,Nachricht senden,Send message,Send message,Send message,Send message,Send message,Send message,Send message,Send message,Send message,Send message
STR_COT_PLAYER_MODULE_RIGHT_PLAYER_QUICK_ACTIONS_SPECTATE,Spectate,Spectate,Spectate,Zuschauen,Наблюдать,Spectate,Spectate,Spectate,Spectate,Observer,Spectate,Spectate,Spectate,Spectate
STR_COT_PLAYER_MODULE_RIGHT_PLAYER_QUICK_ACTIONS_STOP_BLEEDING,Stop Bleeding,Stop Bleeding,Stop Bleeding,Blutungen stoppen,Остановить Кровотечение,Stop Bleeding,Stop Bleeding,Stop Bleeding,Stop Bleeding,Stopper les saignements,Stop Bleeding,Stop Bleeding,Stop Bleeding,Stop Bleeding
STR_COT_PLAYER_MODULE_RIGHT_PLAYER_VARIABLES_APPLY,Apply,Apply,Apply,Anwenden,Применить,Apply,Apply,Apply,Apply,Appliquer,Apply,Apply,Apply,Apply
STR_COT_PLAYER_MODULE_RIGHT_PLAYER_VARIABLES_BLOOD,Blood:,Blood:,Blood:,Blut:,Кровь:,Blood:,Blood:,Blood:,Blood:,Sang:,Blood:,Blood:,Blood:,Blood:
STR_COT_PLAYER_MODULE_RIGHT_PLAYER_VARIABLES_BLOODY_HANDS,Bloody Hands:,Bloody Hands:,Bloody Hands:,Blutige Hände:,Руки в крови:,Bloody Hands:,Bloody Hands:,Bloody Hands:,Bloody Hands:,Mains ensanglantées:,Bloody Hands:,Bloody Hands:,Bloody Hands:,Bloody Hands:
STR_COT_PLAYER_MODULE_RIGHT_PLAYER_VARIABLES_BROKEN_LEGS,Broken Legs:,Broken Legs:,Broken Legs:,Gebrochene Beine:,Broken Legs:,Broken Legs:,Broken Legs:,Broken Legs:,Broken Legs:,Broken Legs:,Broken Legs:,Broken Legs:,Broken Legs:,Broken Legs:
STR_COT_PLAYER_MODULE_RIGHT_PLAYER_VARIABLES_FOOD,Food:,Food:,Food:,Nahrung:,Еда:,Food:,Food:,Food:,Food:,Nourriture:,Food:,Food:,Food:,Food:
STR_COT_PLAYER_MODULE_RIGHT_PLAYER_VARIABLES_FREEZE,Freeze:,Freeze:,Freeze:,Einfrieren:,Заморозить:,Freeze:,Freeze:,Freeze:,Freeze:,Geler:,Freeze:,Freeze:,Freeze:,Freeze:
STR_COT_PLAYER_MODULE_RIGHT_PLAYER_VARIABLES_GODMODE,Godmode:,Godmode:,Godmode:,Gott-Modus:,Бессмертие:,Godmode:,Godmode:,Godmode:,Godmode:,Godmode:,Godmode:,Godmode:,Godmode:,Godmode:
STR_COT_PLAYER_MODULE_RIGHT_PLAYER_VARIABLES_HEADER,Player Variables:,Player Variables:,Player Variables:,Spieler-Variablen:,Переменные Игрока:,Player Variables:,Player Variables:,Player Variables:,Player Variables:,Variables du Joueurs:,Player Variables:,Player Variables:,Player Variables:,Player Variables:
STR_COT_PLAYER_MODULE_RIGHT_PLAYER_VARIABLES_HEALTH,Health:,Health:,Health:,Leben:,Здоровье:,Health:,Health:,Health:,Health:,Santé:,Health:,Health:,Health:,Health:
STR_COT_PLAYER_MODULE_RIGHT_PLAYER_VARIABLES_IGNORED_BY_AI,Ignored by Creatures:,Ignored by Creatures:,Ignored by Creatures:,Ignoriert von Kreaturen:,Ignored by Creatures:,Ignored by Creatures:,Ignored by Creatures:,Ignored by Creatures:,Ignored by Creatures:,Ignored by Creatures:,Ignored by Creatures:,Ignored by Creatures:,Ignored by Creatures:,Ignored by Creatures:
STR_COT_PLAYER_MODULE_RIGHT_PLAYER_VARIABLES_INVISIBLE,Invisible:,Invisible:,Invisible:,Unsichtbar:,Невидимость:,Invisible:,Invisible:,Invisible:,Invisible:,Invisible:,Invisible:,Invisible:,Invisible:,Invisible:
STR_COT_PLAYER_MODULE_RIGHT_PLAYER_VARIABLES_RECEIVE_DAMAGE_DEALT,Receive Damage Dealt:,Receive Damage Dealt:,Receive Damage Dealt:,Ausgeteilten Schaden erhalten:,Receive Damage Dealt:,Receive Damage Dealt:,Receive Damage Dealt:,Receive Damage Dealt:,Receive Damage Dealt:,Receive Damage Dealt:,Receive Damage Dealt:,Receive Damage Dealt:,Receive Damage Dealt:,Receive Damage Dealt:
STR_COT_PLAYER_MODULE_RIGHT_PLAYER_VARIABLES_REFRESH,Refresh,Refresh,Refresh,Aktualisieren,Обновить,Refresh,Refresh,Refresh,Refresh,Raffraichair,Refresh,Refresh,Refresh,Refresh
STR_COT_PLAYER_MODULE_RIGHT_PLAYER_VARIABLES_REMOVE_COLLISION,Remove Collision:,Remove Collision:,Remove Collision:,Keine Kollision:,Remove Collision:,Remove Collision:,Remove Collision:,Remove Collision:,Remove Collision:,Remove Collision:,Remove Collision:,Remove Collision:,Remove Collision:,Remove Collision:
STR_COT_PLAYER_MODULE_RIGHT_PLAYER_VARIABLES_SHOCK,Shock:,Shock:,Shock:,Schock:,Шок:,Shock:,Shock:,Shock:,Shock:,Shock (comma):,Shock:,Shock:,Shock:,Shock:
STR_COT_PLAYER_MODULE_RIGHT_PLAYER_VARIABLES_STAMINA,Stamina:,Stamina:,Stamina:,Ausdauer:,Выносливость:,Stamina:,Stamina:,Stamina:,Stamina:,Energie:,Stamina:,Stamina:,Stamina:,Stamina:
STR_COT_PLAYER_MODULE_RIGHT_PLAYER_VARIABLES_UNLIMITED_AMMO,Unlimited Ammo:,Unlimited Ammo:,Unlimited Ammo:,Unbegrenzte Munition:,Бесконечный БК:,Unlimited Ammo:,Unlimited Ammo:,Unlimited Ammo:,Unlimited Ammo:,Munitions illimitées:,Unlimited Ammo:,Unlimited Ammo:,Unlimited Ammo:,Unlimited Ammo:
STR_COT_PLAYER_MODULE_RIGHT_PLAYER_VARIABLES_UNLIMITED_STAMINA,Unlimited Stamina:,Unlimited Stamina:,Unlimited Stamina:,Unbegrenzte Ausdauer:,Unlimited Stamina:,Unlimited Stamina:,Unlimited Stamina:,Unlimited Stamina:,Unlimited Stamina:,Unlimited Stamina:,Unlimited Stamina:,Unlimited Stamina:,Unlimited Stamina:,Unlimited Stamina:
STR_COT_PLAYER_MODULE_RIGHT_PLAYER_VARIABLES_WATER,Water:,Water:,Water:,Wasser:,Вода:,Water:,Water:,Water:,Water:,Eau:,Water:,Water:,Water:,Water:
STR_COT_TELEPORT_MODULE_FILTER,Filter:,Filter:,Filter:,Filter:,Фильтр:,Filter:,Filter:,Filter:,Filter:,Filtre:,Filter:,Filter:,Filter:,Filter:
STR_COT_TELEPORT_MODULE_NAME,Teleport,Teleport,Teleport,Teleport,Телепортировать,Teleport,Teleport,Teleport,Teleport,Téléporter,Teleport,Teleport,Teleport,Teleport
STR_COT_TELEPORT_MODULE_NOTIFICATION_TOO_FAR,The distance for teleportation is too far,The distance for teleportation is too far,The distance for teleportation is too far,Teleport-Distanz zu groß,Слишком далеко для телепортации,The distance for teleportation is too far,The distance for teleportation is too far,The distance for teleportation is too far,The distance for teleportation is too far,La distance de téléportation est trop élevée,The distance for teleportation is too far,The distance for teleportation is too far,The distance for teleportation is too far,The distance for teleportation is too far
STR_COT_TELEPORT_MODULE_TELEPORT_OFFLINE,Teleport,Teleport,Teleport,Teleport,Телепорт,Teleport,Teleport,Teleport,Teleport,Téléporer,Teleport,Teleport,Teleport,Teleport
STR_COT_TELEPORT_MODULE_TELEPORT_ONLINE,Teleport Selected Player(s),Teleport Selected Player(s),Teleport Selected Player(s),Ausgewählte Spieler teleportieren,Телепортировать Выбранного Игрока(-ов),Teleport Selected Player(s),Teleport Selected Player(s),Teleport Selected Player(s),Teleport Selected Player(s),Téléporter les joueur(s) sélectionné(s),Teleport Selected Player(s),Teleport Selected Player(s),Teleport Selected Player(s),Teleport Selected Player(s)
STR_COT_VEHICLE_MODULE_CURSOR,Cursor,Cursor,Cursor,Mauszeiger,Курсор,Cursor,Cursor,Cursor,Cursor,Viseur,Cursor,Cursor,Cursor,Cursor
STR_COT_VEHICLE_MODULE_NAME,Vehicle Spawner,Vehicle Spawner,Vehicle Spawner,Fahrzeug-Spawner,Спавнер Техники,Vehicle Spawner,Vehicle Spawner,Vehicle Spawner,Vehicle Spawner,Spawneur de Véhicules,Vehicle Spawner,Vehicle Spawner,Vehicle Spawner,Vehicle Spawner
STR_COT_WEATHER_MODULE_APPLY,Apply,Apply,Apply,Anwenden,Применить,Apply,Apply,Apply,Apply,Appliquer,Apply,Apply,Apply,Apply
STR_COT_WEATHER_MODULE_REFRESH,Refresh,Refresh,Refresh,Aktualisieren,Обновить,Refresh,Refresh,Refresh,Refresh,Raffraichair,Refresh,Refresh,Refresh,Refresh
STR_COT_WEATHER_MODULE_FOG,Fog:,Fog:,Fog:,Nebel:,Туман:,Fog:,Fog:,Fog:,Fog:,Brouillard:,Fog:,Fog:,Fog:,Fog:
STR_COT_WEATHER_MODULE_NAME,Weather,Weather,Weather,Wetter,Погода,Weather,Weather,Weather,Weather,Météo,Weather,Weather,Weather,Weather
STR_COT_WEATHER_MODULE_OVERCAST,Overcast:,Overcast:,Overcast:,Bewölkung:,Облачность:,Overcast:,Overcast:,Overcast:,Overcast:,Couverture nuageuse:,Overcast:,Overcast:,Overcast:,Overcast:
STR_COT_WEATHER_MODULE_RAIN,Rain:,Rain:,Rain:,Regen:,Дождь:,Rain:,Rain:,Rain:,Rain:,Pluie:,Rain:,Rain:,Rain:,Rain:
STR_COT_WEATHER_MODULE_START_DAY,Day:,Day:,Day:,Tag:,День:,Day:,Day:,Day:,Day:,Jour:,Day:,Day:,Day:,Day:
STR_COT_WEATHER_MODULE_START_TIME,Time:,Time:,Time:,Zeit:,Время:,Time:,Time:,Time:,Time:,Temps:,Time:,Time:,Time:,Time:
STR_COT_WEATHER_MODULE_WIND,Wind:,Wind:,Wind:,Wind:,Ветер:,Wind:,Wind:,Wind:,Wind:,Vent:,Wind:,Wind:,Wind:,Wind:
STR_COT_WEATHER_MODULE_TEMPERATURE,Temperature:,Temperature:,Temperature:,Temperatur:,Temperature:,Temperature:,Temperature:,Temperature:,Temperature:,Temperature:,Temperature:,Temperature:,Temperature:,Temperature:
STR_COT_WEATHER_NIGHT,Night,Night,Night,Nacht,Night,Night,Night,Night,Night,Nuit,Night,Night,Night,Night
STR_COT_WEATHER_DUSK,Dusk,Dusk,Dusk,Abend,Dusk,Dusk,Dusk,Dusk,Dusk,Crépuscule,Dusk,Dusk,Dusk,Dusk
STR_COT_WEATHER_DAY,Day,Day,Day,Tag,Day,Day,Day,Day,Day,Jour,Day,Day,Day,Day
STR_COT_WEATHER_DAWN,Dawn,Dawn,Dawn,Morgen,Dawn,Dawn,Dawn,Dawn,Dawn,Aube,Dawn,Dawn,Dawn,Dawn
STR_COT_WEATHER_CLEAR,Clear,Clear,Clear,Klar,Clear,Clear,Clear,Clear,Clear,Dégagé,Clear,Clear,Clear,Clear
STR_COT_WEATHER_CLOUDY,Cloudy,Cloudy,Cloudy,Bewölkt,Cloudy,Cloudy,Cloudy,Cloudy,Cloudy,Nuageux,Cloudy,Cloudy,Cloudy,Cloudy
STR_COT_WEATHER_MODULE_STORM,Storm,Storm,Storm,Sturm,Storm,Storm,Storm,Storm,Storm,Orageux,Storm,Storm,Storm,Storm
STR_COT_WEATHER_MODULE_AUTOREFRESH,Auto Refresh,Auto Refresh,Auto Refresh,Autom. Aktualisierung,Auto Refresh,Auto Refresh,Auto Refresh,Auto Refresh,Auto Refresh,Auto Refresh,Auto Refresh,Auto Refresh,Auto Refresh,Auto Refresh
STR_COT_VEHICLE_MANAGEMENT_MODULE_NAME,Vehicle Management,Vehicle Management,Vehicle Management,Fahrzeug-Verwaltung,Vehicle Management,Vehicle Management,Vehicle Management,Vehicle Management,Vehicle Management,Vehicle Management,Vehicle Management,Vehicle Management,Vehicle Management,Vehicle Management
STR_COT_VEHICLE_LIST_TITLE,SERVER VEHICLES,SERVER VEHICLES,SERVER VEHICLES,SERVER-FAHRZEUGE,ТЕХНИКА НА СЕРВЕРЕ,SERVER VEHICLES,SERVER VEHICLES,VEICOLI DEL SERVER,VEHICULOS DEL SERVIDOR,VÉHICULES DU SERVEUR,服務器車輛,SERVER VEHICLES,SERVER VEHICLES,服务器车辆
STR_COT_LIST_REFRESH,REFRESH LIST,REFRESH LIST,REFRESH LIST,AKTUALISIEREN,ОБНОВИТЬ СПИСОК,REFRESH LIST,REFRESH LIST,AGGIORNA LISTA,Actualizar lista,RAFRAÎCHIR LA LISTE,刷新列表,REFRESH LIST,REFRESH LIST,刷新列表
STR_COT_VEHICLE_LIST_DELETE_ALL,DELETE ALL,DELETE ALL,DELETE ALL,ALLE LÖSCHEN,УДАЛИТЬ ВСЁ,DELETE ALL,DELETE ALL,CANCELLA TUTTO,BORRAR TODO,TOUT SUPPRIMER,刪除所有,DELETE ALL,DELETE ALL,删除所有
STR_COT_VEHICLE_LIST_DELETE_DESTROYED,DELETE DESTROYED,DELETE DESTROYED,DELETE DESTROYED,LÖSCHE ALLE ZERSTÖRTEN,"УДАЛИТЬ УНИЧТОЖЕННЫЕ ",DELETE DESTROYED,DELETE DESTROYED,CANCELLA DISTRUTTI,BORRAR OBJETOS DESTRUIDOS,SUPPRIMER DÉTRUIT,刪除已銷毀,DELETE DESTROYED,DELETE DESTROYED,删除已销毁
STR_COT_VEHICLE_LIST_DELETE_UNCLAIMED,DELETE UNCLAIMED,DELETE UNCLAIMED,DELETE UNCLAIMED,LÖSCHE ALLE OHNE BESITZER,УДАЛИТЬ СВОБОДНЫЕ,DELETE UNCLAIMED,DELETE UNCLAIMED,CANCELLA NON RECLAMATI,BORRAR OBJETOS SIN RECLAMAR,SUPPRIMER NON RÉCLAMÉ,刪除未聲明,DELETE UNCLAIMED,DELETE UNCLAIMED,删除未声明
STR_COT_VEHICLE_INFORMATION_TITLE,VEHICLE INFORMATION,VEHICLE INFORMATION,VEHICLE INFORMATION,FAHRZEUG-INFORMATIONEN,ИНФОРМАЦИЯ О МАШИНАХ,VEHICLE INFORMATION,VEHICLE INFORMATION,INFORMAZIONI VEICOLO,INFORMACION DE VEHÍCULO,INFORMATIONS SUR LE VÉHICULE,車輛信息,VEHICLE INFORMATION,VEHICLE INFORMATION,车辆信息
STR_COT_VEHICLE_ID,Vehicle ID:,Vehicle ID:,Vehicles ID:,Fahrzeug-ID:,Идентификатор транспортного средства:,Vehicles ID:,Vehicles ID:,ID Veicolo:,ID del Vehículo,ID du Véhicule:,車輛 ID:,Vehicles ID:,Vehicles ID:,车辆 ID:
STR_COT_VEHICLE_NAME,Vehicle Name:,Vehicle Name:,Vehicle Name:,Fahrzeugname:,Название автомобиля:,Vehicle Name:,Vehicle Name:,Nome Veicolo:,Nombre del Vehículo,Nom du Véhicule:,車輛名稱:,Vehicle Name:,Vehicle Name:,车辆名称:
STR_COT_VEHICLE_CLASSNAME,Vehicle Class Name:,Vehicle Class Name:,Vehicle Class Name:,Fahrzeugklasse:,Название класса транспортного средства:,Vehicle Class Name:,Vehicle Class Name:,Nome Classe Veicolo:,Nombre de la clase del vehículo,Classname du Véhicule:,車輛類別名稱:,Vehicle Class Name:,Vehicle Class Name:,车辆类别名称:
STR_COT_VEHICLE_POSITION,Vehicle Position:,Vehicle Position:,Vehicle Position:,Fahrzeugposition:,Положение транспортного средства:,Vehicle Position:,Vehicle Position:,Posizione Veicolo:,Posición del vehículo,Position du Véhicule:,車輛位置:,Vehicle Position:,Vehicle Position:,车辆位置:
STR_COT_VEHICLE_ORIENTATION,Vehicle Orientation:,Vehicle Orientation:,Vehicle Orientation:,Fahrzeug-Orientierung:,Ориентация автомобиля:,Vehicle Orientation:,Vehicle Orientation:,Orientamento Veicolo:,Orientación del vehículo,Orientation du Véhicule:,車輛方向:,Vehicle Orientation:,Vehicle Orientation:,车辆方向:
STR_COT_VEHICLE_TYPE,Vehicle Type:,Vehicle Type:,Vehicle Type:,Fahrzeugtyp:,Тип машин:,Vehicle Type:,Vehicle Type:,Tipo Veicolo:,Tipo de Vehículo:,Type de Véhicule:,車輛類型:,Vehicle Type:,Vehicle Type:,车辆类型:
STR_COT_VEHICLE_EXPLODED,Vehicle Exploded:,Vehicle Exploded:,Vehicle Exploded:,Fahrzeug explodiert:,Автомобиль взорвался:,Vehicle Exploded:,Vehicle Exploded:,Veicolo Esploso:,Vehículo explotado:,Véhicule Explosé:,車輛爆炸:,Vehicle Exploded:,Vehicle Exploded:,车辆爆炸:
STR_COT_VEHICLE_DESTROYED,Vehicle Destroyed:,Vehicle Destroyed:,Vehicle Destroyed:,Fahrzeug zerstört:,Машина уничтожена:,Vehicle Destroyed:,Vehicle Destroyed:,Veicolo Distrutto:,Vehículo destruido:,Véhicule Détruit:,被摧毀的車輛:,Vehicle Destroyed:,Vehicle Destroyed:,被摧毁的车辆:
STR_COT_VEHICLE_KEYS,Vehicle Keys:,Vehicle Keys:,Vehicle Keys:,Fahrzeugschlüssel:,Ключи от машины:,Vehicle Keys:,Vehicle Keys:,Chiavi Veicolo:,Llaves del Vehículo:,Clés du Véhicule:,車輛鑰匙:,Vehicle Keys:,Vehicle Keys:,车辆钥匙:
STR_COT_VEHICLE_LASTDRIVER,Last Driver:,Last Driver:,Last Driver:,Last Driver:,Last Driver:,Last Driver:,Last Driver:,Last Driver:,Last Driver:,Last Driver:,Last Driver:,Last Driver:,Last Driver:,Last Driver:
STR_COT_VEHICLE_OPTIONS,VEHICLE OPTIONS,VEHICLE OPTIONS,VEHICLE OPTIONS,FAHRZEUGOPTIONEN,НАСТРОЙКИ АВТОМОБИЛЕЙ,VEHICLE OPTIONS,VEHICLE OPTIONS,OPZIONI VEICOLO,OPCIONES DE VEHÍCULO,OPTIONS DU VÉHICULE,車輛選項,VEHICLE OPTIONS,VEHICLE OPTIONS,车辆选项
STR_COT_VEHICLE_DELETE,Delete Vehicle,Delete Vehicle,Delete Vehicle,Fahrzeug löschen,Удалить автомобиль,Delete Vehicle,Delete Vehicle,Cancella Veicolo,Borrar Vehículo,Supprimer le Véhicule,刪除載具,Delete Vehicle,Delete Vehicle,删除载具
STR_COT_VEHICLE_TELEPORTTO,Teleport to Vehicle,Teleport to Vehicle,Teleport to Vehicle,Teleportiere zu Fahrzeug,"Телепорт к автомобилю ",Teleport to Vehicle,Teleport to Vehicle,Teletrasportati al veicolo,Teletransportar al vehículo,Téléportation vers le véhicule,傳送到車輛,Teleport to Vehicle,Teleport to Vehicle,传送到车辆
STR_COT_VEHICLE_CANCEL_EDIT,Cancel Edit,Cancel Edit,Cancel Edit,Abbrechen,Закрыть редактирование,Cancel Edit,Cancel Edit,Annulla Modifiche,Cancelar edición,Annuler la modification,取消編輯,Cancel Edit,Cancel Edit,取消编辑
